tool,mode,label,n,ordinary_n,ordinary_matched,ordinary_stale,relevant_n,relevant_matched,latency_median_ms,latency_q25_ms,latency_q75_ms,cpu_median_ms,cpu_q25_ms,cpu_q75_ms,noise_builds,control_n,metadata_matched,scan_bytes_median,scan_calls_median,storage_in_median_blocks,storage_out_median_blocks,failed_builds,additional_builds
tsc,default,TS default,48,42,42,0,36,36,281.11831800000004,267.589763,286.8665115,40.454999999999906,30.562499999999883,43.16624999999985,0,6,6,0.0,0.0,0.0,16.0,0,0
tsc,recommended,TS native options,48,42,42,0,36,36,268.0093675,264.4983715,284.52327449999996,40.44400000000003,40.38500000000012,40.55525000000016,0,6,6,0.0,0.0,0.0,16.0,0,0
tsc,poll,TS fixed polling,48,42,41,1,36,35,348.220303,315.726961,459.9999255,40.45650000000023,37.916999999999874,50.42574999999999,0,6,0,0.0,0.0,0.0,16.0,0,0
tsc,hash,TS content scan,48,42,42,0,36,36,450.722992,388.88406375,473.84667874999997,828.0774999999999,797.1507500000005,1608.9075000000007,0,6,6,1276.0,11.0,0.0,28.0,0,12
docs,default,Docs default,48,42,42,0,36,36,101.2687405,99.312765,101.63811,5.737499999999951,4.516500000000034,6.5130000000000186,6,6,6,0.0,0.0,0.0,12.0,0,12
docs,relevant,Docs relevant,48,42,42,0,36,36,101.28554249999999,99.4591415,101.60991225,5.821500000000091,4.895500000000025,6.71450000000004,0,6,6,0.0,0.0,0.0,16.0,0,12
docs,tuned,Docs tuned,48,42,42,0,36,36,202.876352,99.58087575,203.54735775,5.354000000000026,3.7054999999999727,5.909999999999998,0,6,6,0.0,0.0,0.0,8.0,0,0
docs,poll,Docs polling,48,42,22,20,36,16,101.399514,101.24715775,101.65701725,5.768999999999968,5.120500000000056,6.638750000000027,0,6,0,0.0,0.0,0.0,8.0,0,0
docs,hash,Docs content scan,48,42,42,0,36,36,101.39388149999999,99.51130875,101.83025649999999,8.894000000000013,7.732000000000045,10.066749999999901,0,6,6,1085.0,14.0,0.0,16.0,0,12
