dataset,id,tool,mode,scenario,condition,status,stable_latency_ms,cpu_s,builds,failed_builds,noise_rebuilds,scan_calls,scan_bytes,storage_in_blocks,storage_out_blocks
primary-matrix,main-r01-tsc-recommended-atomic,tsc,recommended,atomic,,matched,268.296642,0.030710000000000015,1,0,0,0,0,0,16
primary-matrix,main-r04-docs-poll-newdir,docs,poll,newdir,,matched,101.389715,0.007286000000000015,1,0,0,0,0,0,40
primary-matrix,main-r03-tsc-recommended-temporary,tsc,recommended,temporary,,matched,,0.030162000000000244,0,0,0,0,0,0,0
primary-matrix,main-r02-tsc-poll-preserved_stat,tsc,poll,preserved_stat,,stale,,0.020173999999999914,0,0,0,0,0,0,0
primary-matrix,main-r05-tsc-default-atomic,tsc,default,atomic,,matched,266.048803,0.020486000000000004,1,0,0,0,0,0,16
primary-matrix,main-r05-tsc-hash-same_size,tsc,hash,same_size,,matched,454.015301,0.7775439999999998,1,0,0,11,1276,0,16
primary-matrix,main-r00-docs-poll-same_size,docs,poll,same_size,,matched,101.380127,0.0064870000000000205,1,0,0,0,0,0,8
primary-matrix,main-r05-docs-hash-newdir,docs,hash,newdir,,matched,101.843616,0.009954999999999936,1,0,0,14,1316,0,24
primary-matrix,main-r04-docs-poll-same_size,docs,poll,same_size,,stale,,0.005236999999999936,0,0,0,0,0,0,0
primary-matrix,main-r03-docs-default-inplace,docs,default,inplace,,matched,101.436176,0.006309999999999816,1,0,0,0,0,0,8
primary-matrix,main-r05-docs-tuned-newdir,docs,tuned,newdir,,matched,203.667852,0.005676999999999932,1,0,0,0,0,0,24
primary-matrix,main-r01-tsc-hash-preserved_stat,tsc,hash,preserved_stat,,matched,433.025641,0.742704,1,0,0,11,1276,0,16
primary-matrix,main-r01-tsc-recommended-newdir,tsc,recommended,newdir,,matched,1280.048454,0.050438000000000205,1,0,0,0,0,0,16
primary-matrix,main-r00-tsc-poll-temporary,tsc,poll,temporary,,matched,,0.03019600000000011,0,0,0,0,0,0,0
primary-matrix,main-r01-docs-poll-preserved_stat,docs,poll,preserved_stat,,stale,,0.005160000000000053,0,0,0,0,0,0,0
primary-matrix,main-r01-docs-poll-temporary,docs,poll,temporary,,matched,,0.003686999999999996,0,0,0,0,0,0,0
primary-matrix,main-r00-docs-hash-burst,docs,hash,burst,,matched,98.627196,0.01050300000000004,2,0,0,16,1120,0,16
primary-matrix,main-r00-docs-default-same_size,docs,default,same_size,,matched,101.500603,0.004807000000000006,1,0,0,0,0,0,8
primary-matrix,main-r05-docs-hash-preserved_stat,docs,hash,preserved_stat,,matched,101.343652,0.009199999999999875,1,0,0,14,980,0,8
primary-matrix,main-r04-docs-tuned-inplace,docs,tuned,inplace,,matched,203.299554,0.005753000000000008,1,0,0,0,0,0,8
primary-matrix,main-r03-tsc-recommended-inplace,tsc,recommended,inplace,,matched,263.849393,0.040385000000000115,1,0,0,0,0,0,16
primary-matrix,main-r00-tsc-hash-burst,tsc,hash,burst,,matched,374.964288,1.7027940000000004,2,0,0,8,928,0,32
primary-matrix,main-r04-tsc-poll-burst,tsc,poll,burst,,matched,401.679887,0.05038699999999996,1,0,0,0,0,0,16
primary-matrix,main-r05-tsc-hash-burst,tsc,hash,burst,,matched,413.196858,1.8493359999999999,2,0,0,7,812,0,32
primary-matrix,main-r05-tsc-default-preserved_stat,tsc,default,preserved_stat,,matched,281.654893,0.04038600000000003,1,0,0,0,0,0,16
primary-matrix,main-r01-docs-default-atomic,docs,default,atomic,,matched,101.543936,0.006132000000000026,1,0,0,0,0,0,8
primary-matrix,main-r00-docs-tuned-preserved_stat,docs,tuned,preserved_stat,,matched,205.369374,0.004217999999999944,1,0,0,0,0,0,8
primary-matrix,main-r05-tsc-poll-burst,tsc,poll,burst,,matched,466.031166,0.04041499999999987,1,0,0,0,0,0,16
primary-matrix,main-r00-tsc-default-preserved_stat,tsc,default,preserved_stat,,matched,285.69455,0.03059400000000001,1,0,0,0,0,0,16
primary-matrix,main-r05-docs-hash-inplace,docs,hash,inplace,,matched,102.937494,0.007250999999999896,1,0,0,14,1316,0,8
primary-matrix,main-r05-docs-poll-temporary,docs,poll,temporary,,matched,,0.004099000000000075,0,0,0,0,0,0,0
primary-matrix,main-r04-tsc-recommended-inplace,tsc,recommended,inplace,,matched,267.281243,0.030478000000000005,1,0,0,0,0,0,16
primary-matrix,main-r00-docs-poll-chunked,docs,poll,chunked,,stale,,0.005467999999999917,1,0,0,0,0,0,8
primary-matrix,main-r05-tsc-default-same_size,tsc,default,same_size,,matched,280.775909,0.05039999999999978,1,0,0,0,0,0,16
primary-matrix,main-r00-docs-hash-atomic,docs,hash,atomic,,matched,101.661514,0.006428999999999796,1,0,0,14,980,0,8
primary-matrix,main-r04-docs-tuned-temporary,docs,tuned,temporary,,matched,,0.003506999999999927,0,0,0,0,0,0,0
primary-matrix,main-r02-tsc-poll-inplace,tsc,poll,inplace,,matched,346.585785,0.05046000000000017,1,0,0,0,0,0,16
primary-matrix,main-r05-docs-relevant-same_size,docs,relevant,same_size,,matched,101.257565,0.003958999999999935,1,0,0,0,0,0,8
primary-matrix,main-r03-docs-default-newdir,docs,default,newdir,,matched,101.681822,0.0044880000000000475,1,0,0,0,0,0,32
primary-matrix,main-r03-docs-hash-preserved_stat,docs,hash,preserved_stat,,matched,101.881016,0.008901000000000048,1,0,0,15,1050,0,8
primary-matrix,main-r01-docs-relevant-preserved_stat,docs,relevant,preserved_stat,,matched,101.125654,0.005937999999999999,1,0,0,0,0,0,8
primary-matrix,main-r00-tsc-poll-newdir,tsc,poll,newdir,,matched,1352.096887,0.06070299999999995,1,0,0,0,0,0,32
primary-matrix,main-r00-docs-relevant-temporary,docs,relevant,temporary,,matched,,0.0026450000000001195,0,0,0,0,0,0,0
primary-matrix,main-r00-docs-poll-preserved_stat,docs,poll,preserved_stat,,stale,,0.004670999999999981,0,0,0,0,0,0,0
primary-matrix,main-r01-docs-poll-burst,docs,poll,burst,,stale,,0.004750999999999839,1,0,0,0,0,0,8
primary-matrix,main-r03-docs-relevant-atomic,docs,relevant,atomic,,matched,101.647143,0.003916000000000031,1,0,0,0,0,0,8
primary-matrix,main-r04-docs-tuned-burst,docs,tuned,burst,,matched,99.884178,0.0043120000000000935,1,0,0,0,0,0,16
primary-matrix,main-r01-tsc-recommended-preserved_stat,tsc,recommended,preserved_stat,,matched,264.492179,0.030410999999999966,1,0,0,0,0,0,16
primary-matrix,main-r02-tsc-recommended-newdir,tsc,recommended,newdir,,matched,1267.413305,0.04039999999999999,1,0,0,0,0,0,24
primary-matrix,main-r04-docs-relevant-temporary,docs,relevant,temporary,,matched,,0.003279000000000032,0,0,0,0,0,0,0
primary-matrix,main-r00-tsc-poll-chunked,tsc,poll,chunked,,matched,182.308382,0.03038099999999977,1,0,0,0,0,0,16
primary-matrix,main-r01-tsc-poll-newdir,tsc,poll,newdir,,matched,1308.943555,0.050424000000000024,1,0,0,0,0,0,16
primary-matrix,main-r05-tsc-poll-atomic,tsc,poll,atomic,,matched,385.960138,0.06043299999999996,1,0,0,0,0,0,16
primary-matrix,main-r03-docs-default-burst,docs,default,burst,,matched,99.934198,0.007420000000000093,2,0,0,0,0,0,16
primary-matrix,main-r05-docs-poll-inplace,docs,poll,inplace,,matched,101.767756,0.008683999999999914,1,0,0,0,0,0,8
primary-matrix,main-r03-docs-tuned-inplace,docs,tuned,inplace,,matched,202.822002,0.005480999999999958,1,0,0,0,0,0,8
primary-matrix,main-r01-docs-relevant-same_size,docs,relevant,same_size,,matched,101.745928,0.006586000000000092,1,0,0,0,0,0,8
primary-matrix,main-r02-tsc-default-chunked,tsc,default,chunked,,matched,268.791292,0.03050799999999998,1,0,0,0,0,0,16
primary-matrix,main-r01-tsc-poll-chunked,tsc,poll,chunked,,matched,490.036131,0.030407000000000073,1,0,0,0,0,0,16
primary-matrix,main-r04-tsc-poll-atomic,tsc,poll,atomic,,matched,324.852661,0.04038600000000003,1,0,0,0,0,0,16
primary-matrix,main-r01-docs-relevant-newdir,docs,relevant,newdir,,matched,101.443047,0.006626000000000021,1,0,0,0,0,0,24
primary-matrix,main-r00-tsc-hash-atomic,tsc,hash,atomic,,matched,451.150626,0.7857410000000002,1,0,0,11,1276,0,16
primary-matrix,main-r04-tsc-default-atomic,tsc,default,atomic,,matched,283.210727,0.040475999999999956,1,0,0,0,0,0,16
primary-matrix,main-r05-docs-tuned-temporary,docs,tuned,temporary,,matched,,0.0027209999999999734,0,0,0,0,0,0,0
primary-matrix,main-r01-tsc-default-chunked,tsc,default,chunked,,matched,267.513023,0.04055199999999992,1,0,0,0,0,0,16
primary-matrix,main-r02-docs-hash-burst,docs,hash,burst,,matched,99.621794,0.00850099999999998,2,0,0,15,1050,0,16
primary-matrix,main-r03-tsc-poll-preserved_stat,tsc,poll,preserved_stat,,stale,,0.010182999999999831,0,0,0,0,0,0,0
primary-matrix,main-r03-docs-relevant-inplace,docs,relevant,inplace,,matched,101.522087,0.004918000000000089,1,0,0,0,0,0,8
primary-matrix,main-r04-docs-hash-preserved_stat,docs,hash,preserved_stat,,matched,101.571252,0.008954999999999824,1,0,0,14,980,0,8
primary-matrix,main-r03-docs-relevant-preserved_stat,docs,relevant,preserved_stat,,matched,101.486133,0.004520999999999997,1,0,0,0,0,0,8
primary-matrix,main-r04-docs-poll-temporary,docs,poll,temporary,,matched,,0.004742999999999942,0,0,0,0,0,0,0
primary-matrix,main-r02-tsc-recommended-preserved_stat,tsc,recommended,preserved_stat,,matched,266.850439,0.04057599999999972,1,0,0,0,0,0,16
primary-matrix,main-r02-docs-default-burst,docs,default,burst,,matched,99.132419,0.005982999999999961,2,0,0,0,0,0,16
primary-matrix,main-r03-docs-poll-preserved_stat,docs,poll,preserved_stat,,stale,,0.0064709999999998935,0,0,0,0,0,0,0
primary-matrix,main-r03-tsc-recommended-burst,tsc,recommended,burst,,matched,264.180564,0.04045000000000032,1,0,0,0,0,0,16
primary-matrix,main-r01-docs-hash-burst,docs,hash,burst,,matched,99.884615,0.00779300000000005,2,0,0,15,1050,0,16
primary-matrix,main-r00-tsc-hash-inplace,tsc,hash,inplace,,matched,471.127131,0.8279779999999997,1,0,0,11,1474,0,16
primary-matrix,main-r01-docs-relevant-temporary,docs,relevant,temporary,,matched,,0.003950999999999927,0,0,0,0,0,0,0
primary-matrix,main-r03-tsc-default-chunked,tsc,default,chunked,,matched,266.129212,0.030368000000000173,1,0,0,0,0,0,16
primary-matrix,main-r05-docs-relevant-burst,docs,relevant,burst,,matched,99.315149,0.006060000000000065,2,0,0,0,0,0,16
primary-matrix,main-r02-docs-poll-same_size,docs,poll,same_size,,stale,,0.005125000000000046,0,0,0,0,0,0,0
primary-matrix,main-r04-tsc-recommended-newdir,tsc,recommended,newdir,,matched,1283.71956,0.04042699999999999,1,0,0,0,0,0,64
primary-matrix,main-r03-tsc-hash-chunked,tsc,hash,chunked,,matched,354.068664,1.6158420000000002,2,0,0,8,908,0,32
primary-matrix,main-r00-tsc-hash-same_size,tsc,hash,same_size,,matched,429.862468,0.7492550000000002,1,0,0,11,1276,0,16
primary-matrix,main-r05-docs-default-preserved_stat,docs,default,preserved_stat,,matched,101.17952,0.0033970000000000944,1,0,0,0,0,0,8
primary-matrix,main-r03-docs-poll-temporary,docs,poll,temporary,,matched,,0.0037369999999999903,0,0,0,0,0,0,0
primary-matrix,main-r02-tsc-hash-inplace,tsc,hash,inplace,,matched,456.531516,0.7979620000000005,1,0,0,11,1474,0,16
primary-matrix,main-r01-docs-default-chunked,docs,default,chunked,,matched,83.915122,0.007502999999999926,2,0,0,0,0,0,16
primary-matrix,main-r05-docs-tuned-burst,docs,tuned,burst,,matched,99.875751,0.003807000000000005,1,0,0,0,0,0,8
primary-matrix,main-r05-tsc-recommended-chunked,tsc,recommended,chunked,,matched,264.112433,0.0503849999999999,1,0,0,0,0,0,16
primary-matrix,main-r02-docs-default-temporary,docs,default,temporary,,matched,,0.004242999999999997,1,0,1,0,0,0,8
primary-matrix,main-r04-docs-relevant-inplace,docs,relevant,inplace,,matched,104.753423,0.00984699999999994,1,0,0,0,0,0,8
primary-matrix,main-r03-docs-hash-same_size,docs,hash,same_size,,matched,101.82592,0.008450999999999986,1,0,0,14,980,0,16
primary-matrix,main-r05-tsc-default-burst,tsc,default,burst,,matched,282.79354,0.030531000000000086,1,0,0,0,0,0,16
primary-matrix,main-r03-docs-default-temporary,docs,default,temporary,,matched,,0.0040439999999999365,1,0,1,0,0,0,8
primary-matrix,main-r05-tsc-default-inplace,tsc,default,inplace,,matched,265.322477,0.040754999999999875,1,0,0,0,0,0,16
primary-matrix,main-r01-docs-tuned-preserved_stat,docs,tuned,preserved_stat,,matched,203.223485,0.008507000000000042,1,0,0,0,0,0,16
primary-matrix,main-r02-docs-relevant-same_size,docs,relevant,same_size,,matched,101.895225,0.004813000000000067,1,0,0,0,0,0,16
primary-matrix,main-r01-docs-hash-inplace,docs,hash,inplace,,matched,101.493035,0.01044999999999996,1,0,0,14,1316,0,8
primary-matrix,main-r05-tsc-recommended-inplace,tsc,recommended,inplace,,matched,284.162416,0.04045499999999991,1,0,0,0,0,0,16
primary-matrix,main-r04-tsc-poll-temporary,tsc,poll,temporary,,matched,,0.010354000000000196,0,0,0,0,0,0,0
primary-matrix,main-r00-docs-relevant-preserved_stat,docs,relevant,preserved_stat,,matched,101.342541,0.003662000000000054,1,0,0,0,0,0,16
primary-matrix,main-r02-docs-tuned-newdir,docs,tuned,newdir,,matched,203.109537,0.006278000000000006,1,0,0,0,0,0,32
primary-matrix,main-r00-tsc-recommended-same_size,tsc,recommended,same_size,,matched,264.300312,0.020486000000000004,1,0,0,0,0,0,16
primary-matrix,main-r03-docs-default-same_size,docs,default,same_size,,matched,101.882359,0.003335000000000088,1,0,0,0,0,0,8
primary-matrix,main-r03-tsc-hash-atomic,tsc,hash,atomic,,matched,471.912384,0.7997380000000005,1,0,0,11,1276,0,16
primary-matrix,main-r05-docs-default-atomic,docs,default,atomic,,matched,101.26506,0.006024000000000029,1,0,0,0,0,0,8
primary-matrix,main-r02-docs-relevant-inplace,docs,relevant,inplace,,matched,101.570938,0.003523000000000054,1,0,0,0,0,0,8
primary-matrix,main-r04-docs-relevant-atomic,docs,relevant,atomic,,matched,101.379294,0.006039999999999934,1,0,0,0,0,0,8
primary-matrix,main-r02-tsc-poll-same_size,tsc,poll,same_size,,matched,326.645727,0.04075999999999991,1,0,0,0,0,0,16
primary-matrix,main-r01-docs-default-inplace,docs,default,inplace,,matched,101.272421,0.005930000000000102,1,0,0,0,0,0,8
primary-matrix,main-r02-docs-tuned-same_size,docs,tuned,same_size,,matched,202.739215,0.003589999999999982,1,0,0,0,0,0,8
primary-matrix,main-r02-docs-poll-inplace,docs,poll,inplace,,matched,101.319194,0.006377999999999995,1,0,0,0,0,0,8
primary-matrix,main-r04-docs-default-temporary,docs,default,temporary,,matched,,0.005229999999999957,1,0,1,0,0,0,8
primary-matrix,main-r00-docs-default-temporary,docs,default,temporary,,matched,,0.004324999999999912,1,0,1,0,0,0,8
primary-matrix,main-r01-tsc-recommended-same_size,tsc,recommended,same_size,,matched,264.368014,0.030498000000000136,1,0,0,0,0,0,16
primary-matrix,main-r02-docs-tuned-inplace,docs,tuned,inplace,,matched,204.34308,0.00534100000000004,1,0,0,0,0,0,8
primary-matrix,main-r01-docs-default-same_size,docs,default,same_size,,matched,101.589239,0.005902999999999992,1,0,0,0,0,0,8
primary-matrix,main-r03-tsc-recommended-preserved_stat,tsc,recommended,preserved_stat,,matched,266.446977,0.05053900000000011,1,0,0,0,0,0,16
primary-matrix,main-r05-tsc-poll-newdir,tsc,poll,newdir,,stale,,0.03015800000000013,0,0,0,0,0,0,0
primary-matrix,main-r04-docs-relevant-burst,docs,relevant,burst,,matched,99.680744,0.006712000000000051,2,0,0,0,0,0,16
primary-matrix,main-r03-docs-hash-temporary,docs,hash,temporary,,matched,,0.008001000000000036,0,0,0,15,1050,0,0
primary-matrix,main-r05-docs-poll-burst,docs,poll,burst,,matched,83.749024,0.006515999999999966,1,0,0,0,0,0,16
primary-matrix,main-r04-docs-poll-inplace,docs,poll,inplace,,stale,,0.0060909999999999576,0,0,0,0,0,0,0
primary-matrix,main-r00-tsc-default-burst,tsc,default,burst,,matched,288.909945,0.060370000000000035,1,0,0,0,0,0,16
primary-matrix,main-r00-docs-relevant-burst,docs,relevant,burst,,matched,99.990718,0.008882000000000057,2,0,0,0,0,0,16
primary-matrix,main-r03-docs-hash-inplace,docs,hash,inplace,,matched,102.43943,0.0080309999999999,1,0,0,14,1316,0,8
primary-matrix,main-r04-docs-tuned-newdir,docs,tuned,newdir,,matched,203.416468,0.0071989999999999554,1,0,0,0,0,0,24
primary-matrix,main-r02-docs-poll-newdir,docs,poll,newdir,,matched,101.198421,0.007321000000000022,1,0,0,0,0,0,24
primary-matrix,main-r04-tsc-default-temporary,tsc,default,temporary,,matched,,0.00015300000000006975,0,0,0,0,0,0,0
primary-matrix,main-r03-docs-relevant-newdir,docs,relevant,newdir,,matched,101.189362,0.005404999999999882,1,0,0,0,0,0,24
primary-matrix,main-r05-tsc-hash-atomic,tsc,hash,atomic,,matched,471.791014,0.8281770000000002,1,0,0,11,1276,0,16
primary-matrix,main-r02-tsc-recommended-inplace,tsc,recommended,inplace,,matched,286.424297,0.04041600000000023,1,0,0,0,0,0,16
primary-matrix,main-r01-tsc-recommended-temporary,tsc,recommended,temporary,,matched,,0.0001980000000001425,0,0,0,0,0,0,0
primary-matrix,main-r04-tsc-poll-same_size,tsc,poll,same_size,,matched,286.962519,0.03042100000000003,1,0,0,0,0,0,16
primary-matrix,main-r04-docs-default-inplace,docs,default,inplace,,matched,101.630584,0.004106000000000054,1,0,0,0,0,0,8
primary-matrix,main-r01-tsc-poll-preserved_stat,tsc,poll,preserved_stat,,stale,,0.030146000000000006,0,0,0,0,0,0,0
primary-matrix,main-r03-docs-relevant-temporary,docs,relevant,temporary,,matched,,0.005789000000000044,0,0,0,0,0,0,0
primary-matrix,main-r02-tsc-recommended-temporary,tsc,recommended,temporary,,matched,,0.00019699999999978068,0,0,0,0,0,0,0
primary-matrix,main-r02-docs-poll-atomic,docs,poll,atomic,,stale,,0.0068270000000000275,0,0,0,0,0,0,0
primary-matrix,main-r04-tsc-recommended-burst,tsc,recommended,burst,,matched,281.91891,0.040516999999999914,1,0,0,0,0,0,16
primary-matrix,main-r01-tsc-default-atomic,tsc,default,atomic,,matched,280.911432,0.04044899999999996,1,0,0,0,0,0,16
primary-matrix,main-r01-tsc-default-temporary,tsc,default,temporary,,matched,,0.02026299999999992,0,0,0,0,0,0,0
primary-matrix,main-r05-docs-tuned-inplace,docs,tuned,inplace,,matched,202.873222,0.003071000000000046,1,0,0,0,0,0,8
primary-matrix,main-r04-docs-relevant-chunked,docs,relevant,chunked,,matched,82.593252,0.00586500000000012,2,0,0,0,0,0,16
primary-matrix,main-r00-docs-tuned-chunked,docs,tuned,chunked,,matched,82.461773,0.003290000000000015,1,0,0,0,0,0,8
primary-matrix,main-r04-tsc-default-chunked,tsc,default,chunked,,matched,268.886647,0.04041600000000001,1,0,0,0,0,0,16
primary-matrix,main-r01-docs-poll-atomic,docs,poll,atomic,,stale,,0.0067429999999999435,0,0,0,0,0,0,0
primary-matrix,main-r04-tsc-recommended-temporary,tsc,recommended,temporary,,matched,,0.02014399999999994,0,0,0,0,0,0,0
primary-matrix,main-r01-docs-poll-same_size,docs,poll,same_size,,matched,101.409313,0.007655000000000078,1,0,0,0,0,0,8
primary-matrix,main-r04-tsc-poll-newdir,tsc,poll,newdir,,matched,1387.929996,0.05044399999999993,1,0,0,0,0,0,16
primary-matrix,main-r03-docs-tuned-chunked,docs,tuned,chunked,,matched,81.284261,0.0030680000000000707,1,0,0,0,0,0,8
primary-matrix,main-r00-docs-hash-inplace,docs,hash,inplace,,matched,101.14192,0.006483999999999934,1,0,0,14,1316,0,8
primary-matrix,main-r00-docs-poll-temporary,docs,poll,temporary,,matched,,0.003577999999999859,0,0,0,0,0,0,0
primary-matrix,main-r04-docs-poll-chunked,docs,poll,chunked,,stale,,0.0046790000000001,1,0,0,0,0,0,8
primary-matrix,main-r00-tsc-recommended-chunked,tsc,recommended,chunked,,matched,266.521992,0.040375999999999745,1,0,0,0,0,0,16
primary-matrix,main-r03-docs-poll-newdir,docs,poll,newdir,,matched,101.192892,0.0050800000000000844,1,0,0,0,0,0,32
primary-matrix,main-r00-docs-default-atomic,docs,default,atomic,,matched,101.081013,0.005732999999999988,1,0,0,0,0,0,8
primary-matrix,main-r05-tsc-recommended-preserved_stat,tsc,recommended,preserved_stat,,matched,264.167552,0.030384999999999884,1,0,0,0,0,0,16
primary-matrix,main-r05-tsc-hash-newdir,tsc,hash,newdir,,matched,435.702862,0.7351700000000001,1,0,0,11,1672,0,32
primary-matrix,main-r02-docs-hash-temporary,docs,hash,temporary,,matched,,0.007318999999999964,0,0,0,15,1050,0,0
primary-matrix,main-r03-tsc-default-atomic,tsc,default,atomic,,matched,280.950714,0.040422999999999876,1,0,0,0,0,0,16
primary-matrix,main-r01-docs-poll-inplace,docs,poll,inplace,,stale,,0.005184999999999995,0,0,0,0,0,0,0
primary-matrix,main-r03-docs-poll-inplace,docs,poll,inplace,,matched,101.468145,0.004963000000000051,1,0,0,0,0,0,8
primary-matrix,main-r03-tsc-recommended-same_size,tsc,recommended,same_size,,matched,265.806011,0.04052599999999984,1,0,0,0,0,0,16
primary-matrix,main-r05-docs-poll-same_size,docs,poll,same_size,,stale,,0.005355999999999916,0,0,0,0,0,0,0
primary-matrix,main-r01-tsc-hash-newdir,tsc,hash,newdir,,matched,476.044499,0.829221,1,0,0,11,1672,0,32
primary-matrix,main-r05-docs-relevant-temporary,docs,relevant,temporary,,matched,,0.0035159999999999636,0,0,0,0,0,0,0
primary-matrix,main-r02-docs-default-inplace,docs,default,inplace,,matched,101.716606,0.010848999999999998,1,0,0,0,0,0,8
primary-matrix,main-r05-docs-tuned-same_size,docs,tuned,same_size,,matched,203.397922,0.006294000000000022,1,0,0,0,0,0,8
primary-matrix,main-r05-docs-relevant-newdir,docs,relevant,newdir,,matched,102.070486,0.006404999999999994,1,0,0,0,0,0,24
primary-matrix,main-r03-tsc-default-same_size,tsc,default,same_size,,matched,291.306616,0.040461999999999776,1,0,0,0,0,0,16
primary-matrix,main-r02-docs-hash-chunked,docs,hash,chunked,,matched,84.081547,0.01010499999999992,2,0,0,16,1085,0,16
primary-matrix,main-r05-docs-default-inplace,docs,default,inplace,,matched,101.230733,0.0042560000000000375,1,0,0,0,0,0,8
primary-matrix,main-r00-docs-relevant-inplace,docs,relevant,inplace,,matched,101.194325,0.004878999999999967,1,0,0,0,0,0,8
primary-matrix,main-r02-docs-default-newdir,docs,default,newdir,,matched,101.435851,0.005741999999999914,1,0,0,0,0,0,24
primary-matrix,main-r03-docs-tuned-burst,docs,tuned,burst,,matched,99.226613,0.002942,1,0,0,0,0,0,8
primary-matrix,main-r01-docs-default-preserved_stat,docs,default,preserved_stat,,matched,101.298996,0.005786000000000069,1,0,0,0,0,0,8
primary-matrix,main-r00-docs-hash-same_size,docs,hash,same_size,,matched,101.540744,0.009000999999999926,1,0,0,14,980,0,8
primary-matrix,main-r00-docs-default-chunked,docs,default,chunked,,matched,83.726984,0.004359000000000002,2,0,0,0,0,0,16
primary-matrix,main-r04-tsc-hash-chunked,tsc,hash,chunked,,matched,356.875968,1.6549429999999998,2,0,0,8,908,0,32
primary-matrix,main-r04-docs-hash-atomic,docs,hash,atomic,,matched,101.975253,0.008859999999999979,1,0,0,14,980,0,8
primary-matrix,main-r03-docs-poll-same_size,docs,poll,same_size,,matched,101.546366,0.005906999999999996,1,0,0,0,0,0,8
primary-matrix,main-r05-tsc-hash-temporary,tsc,hash,temporary,,matched,,0.007804000000000144,0,0,0,15,1740,0,0
primary-matrix,main-r05-tsc-recommended-temporary,tsc,recommended,temporary,,matched,,0.010172999999999988,0,0,0,0,0,0,0
primary-matrix,main-r03-docs-hash-newdir,docs,hash,newdir,,matched,101.379564,0.00881299999999996,1,0,0,14,1316,0,24
primary-matrix,main-r01-tsc-default-preserved_stat,tsc,default,preserved_stat,,matched,268.300577,0.030442999999999998,1,0,0,0,0,0,16
primary-matrix,main-r03-docs-tuned-newdir,docs,tuned,newdir,,matched,203.361796,0.00544,1,0,0,0,0,0,24
primary-matrix,main-r01-tsc-default-same_size,tsc,default,same_size,,matched,270.735477,0.04040799999999978,1,0,0,0,0,0,16
primary-matrix,main-r00-docs-relevant-newdir,docs,relevant,newdir,,matched,101.607603,0.0072790000000000354,1,0,0,0,0,0,24
primary-matrix,main-r04-tsc-poll-inplace,tsc,poll,inplace,,matched,390.465787,0.04047199999999984,1,0,0,0,0,0,16
primary-matrix,main-r03-docs-relevant-burst,docs,relevant,burst,,matched,99.046699,0.006120999999999932,2,0,0,0,0,0,16
primary-matrix,main-r02-tsc-poll-atomic,tsc,poll,atomic,,matched,345.902792,0.05042200000000019,1,0,0,0,0,0,16
primary-matrix,main-r01-docs-hash-chunked,docs,hash,chunked,,matched,82.54243,0.010562000000000071,2,0,0,16,1085,0,16
primary-matrix,main-r02-tsc-poll-temporary,tsc,poll,temporary,,matched,,0.03022999999999998,0,0,0,0,0,0,0
primary-matrix,main-r01-tsc-default-inplace,tsc,default,inplace,,matched,284.835666,0.040391999999999983,1,0,0,0,0,0,16
primary-matrix,main-r01-docs-hash-temporary,docs,hash,temporary,,matched,,0.007165000000000088,0,0,0,15,1050,0,0
primary-matrix,main-r00-tsc-default-chunked,tsc,default,chunked,,matched,283.978335,0.030558000000000085,1,0,0,0,0,0,16
primary-matrix,main-r03-tsc-default-burst,tsc,default,burst,,matched,263.531336,0.05040700000000009,1,0,0,0,0,0,16
primary-matrix,main-r05-tsc-recommended-burst,tsc,recommended,burst,,matched,273.714531,0.0404500000000001,1,0,0,0,0,0,16
primary-matrix,main-r04-tsc-poll-preserved_stat,tsc,poll,preserved_stat,,stale,,0.010160000000000169,0,0,0,0,0,0,0
primary-matrix,main-r03-docs-default-chunked,docs,default,chunked,,matched,82.682703,0.006834000000000007,2,0,0,0,0,0,16
primary-matrix,main-r00-tsc-default-newdir,tsc,default,newdir,,matched,1286.25884,0.040510999999999964,1,0,0,0,0,0,16
primary-matrix,main-r04-docs-tuned-atomic,docs,tuned,atomic,,matched,202.560571,0.007394000000000012,1,0,0,0,0,0,8
primary-matrix,main-r05-docs-hash-chunked,docs,hash,chunked,,matched,84.181279,0.011109999999999953,2,0,0,16,1085,0,16
primary-matrix,main-r02-tsc-default-preserved_stat,tsc,default,preserved_stat,,matched,267.087254,0.05060399999999987,1,0,0,0,0,0,16
primary-matrix,main-r04-docs-default-preserved_stat,docs,default,preserved_stat,,matched,101.358708,0.005504999999999982,1,0,0,0,0,0,8
primary-matrix,main-r03-docs-tuned-atomic,docs,tuned,atomic,,matched,203.539512,0.0066270000000000495,1,0,0,0,0,0,8
primary-matrix,main-r02-docs-relevant-atomic,docs,relevant,atomic,,matched,101.452901,0.005482000000000098,1,0,0,0,0,0,8
primary-matrix,main-r03-tsc-recommended-newdir,tsc,recommended,newdir,,matched,1266.625688,0.030450000000000088,1,0,0,0,0,0,16
primary-matrix,main-r04-tsc-hash-same_size,tsc,hash,same_size,,matched,409.987418,0.7366719999999998,1,0,0,11,1276,0,16
primary-matrix,main-r02-tsc-default-inplace,tsc,default,inplace,,matched,281.285922,0.030464999999999964,1,0,0,0,0,0,16
primary-matrix,main-r00-tsc-poll-preserved_stat,tsc,poll,preserved_stat,,stale,,0.010169000000000095,0,0,0,0,0,0,0
primary-matrix,main-r03-tsc-poll-same_size,tsc,poll,same_size,,matched,325.660068,0.050514999999999866,1,0,0,0,0,0,16
primary-matrix,main-r00-tsc-poll-atomic,tsc,poll,atomic,,matched,306.601261,0.040429999999999966,1,0,0,0,0,0,16
primary-matrix,main-r05-docs-hash-temporary,docs,hash,temporary,,matched,,0.006413000000000002,0,0,0,15,1050,0,0
primary-matrix,main-r00-tsc-default-same_size,tsc,default,same_size,,matched,264.831437,0.04051500000000008,1,0,0,0,0,0,16
primary-matrix,main-r02-docs-poll-chunked,docs,poll,chunked,,stale,,0.00530800000000009,0,0,0,0,0,0,0
primary-matrix,main-r02-tsc-recommended-chunked,tsc,recommended,chunked,,matched,269.569802,0.040397000000000016,1,0,0,0,0,0,16
primary-matrix,main-r05-docs-hash-burst,docs,hash,burst,,matched,99.602959,0.007549000000000028,2,0,0,15,1050,0,16
primary-matrix,main-r04-tsc-default-same_size,tsc,default,same_size,,matched,268.322347,0.050499000000000294,1,0,0,0,0,0,16
primary-matrix,main-r00-docs-relevant-same_size,docs,relevant,same_size,,matched,101.328917,0.004901000000000044,1,0,0,0,0,0,8
primary-matrix,main-r05-docs-hash-atomic,docs,hash,atomic,,matched,101.1735,0.007526000000000033,1,0,0,14,980,0,16
primary-matrix,main-r00-tsc-default-atomic,tsc,default,atomic,,matched,285.37297,0.05040699999999987,1,0,0,0,0,0,16
primary-matrix,main-r00-docs-tuned-atomic,docs,tuned,atomic,,matched,202.450008,0.006051000000000029,1,0,0,0,0,0,8
primary-matrix,main-r00-docs-relevant-atomic,docs,relevant,atomic,,matched,101.36174,0.007094000000000045,1,0,0,0,0,0,8
primary-matrix,main-r04-docs-relevant-preserved_stat,docs,relevant,preserved_stat,,matched,101.315784,0.00571900000000003,1,0,0,0,0,0,8
primary-matrix,main-r01-docs-tuned-same_size,docs,tuned,same_size,,matched,202.954988,0.00617600000000007,1,0,0,0,0,0,16
primary-matrix,main-r01-docs-relevant-chunked,docs,relevant,chunked,,matched,82.351864,0.004628999999999994,2,0,0,0,0,0,16
primary-matrix,main-r01-tsc-recommended-inplace,tsc,recommended,inplace,,matched,265.042327,0.020469999999999988,1,0,0,0,0,0,16
primary-matrix,main-r02-tsc-hash-chunked,tsc,hash,chunked,,matched,310.352937,1.539019,2,0,0,9,1024,0,32
primary-matrix,main-r03-docs-default-atomic,docs,default,atomic,,matched,101.167477,0.0041639999999999455,1,0,0,0,0,0,8
primary-matrix,main-r00-docs-hash-temporary,docs,hash,temporary,,matched,,0.007836999999999983,0,0,0,15,1050,0,0
primary-matrix,main-r05-tsc-default-newdir,tsc,default,newdir,,matched,1282.701986,0.03052900000000003,1,0,0,0,0,0,16
primary-matrix,main-r04-docs-tuned-preserved_stat,docs,tuned,preserved_stat,,matched,203.024508,0.004886000000000057,1,0,0,0,0,0,16
primary-matrix,main-r03-tsc-poll-newdir,tsc,poll,newdir,,matched,1369.225963,0.030450999999999784,1,0,0,0,0,0,16
primary-matrix,main-r04-docs-default-burst,docs,default,burst,,matched,99.177579,0.005429999999999935,2,0,0,0,0,0,16
primary-matrix,main-r05-tsc-default-temporary,tsc,default,temporary,,matched,,0.010169000000000095,0,0,0,0,0,0,0
primary-matrix,main-r01-docs-relevant-burst,docs,relevant,burst,,matched,98.870522,0.005621000000000098,2,0,0,0,0,0,16
primary-matrix,main-r02-docs-hash-preserved_stat,docs,hash,preserved_stat,,matched,101.656,0.006739999999999968,1,0,0,14,980,0,8
primary-matrix,main-r00-docs-poll-inplace,docs,poll,inplace,,matched,101.258783,0.006388999999999978,1,0,0,0,0,0,8
primary-matrix,main-r01-docs-tuned-temporary,docs,tuned,temporary,,matched,,0.0020130000000000425,0,0,0,0,0,0,0
primary-matrix,main-r02-tsc-default-temporary,tsc,default,temporary,,matched,,0.020163000000000153,0,0,0,0,0,0,0
primary-matrix,main-r00-docs-tuned-newdir,docs,tuned,newdir,,matched,202.879482,0.005979000000000068,1,0,0,0,0,0,24
primary-matrix,main-r05-tsc-hash-preserved_stat,tsc,hash,preserved_stat,,matched,435.276154,0.7804219999999997,1,0,0,11,1276,0,16
primary-matrix,main-r01-tsc-poll-atomic,tsc,poll,atomic,,matched,348.669504,0.050408999999999926,1,0,0,0,0,0,16
primary-matrix,main-r03-tsc-hash-preserved_stat,tsc,hash,preserved_stat,,matched,473.948633,0.8261149999999997,1,0,0,11,1276,0,16
primary-matrix,main-r02-tsc-recommended-burst,tsc,recommended,burst,,matched,284.865273,0.050395999999999885,1,0,0,0,0,0,16
primary-matrix,main-r03-tsc-default-inplace,tsc,default,inplace,,matched,285.217772,0.060542000000000096,1,0,0,0,0,0,16
primary-matrix,main-r02-tsc-default-atomic,tsc,default,atomic,,matched,282.583325,0.030447000000000113,1,0,0,0,0,0,16
primary-matrix,main-r00-docs-tuned-same_size,docs,tuned,same_size,,matched,203.570895,0.005178999999999934,1,0,0,0,0,0,8
primary-matrix,main-r02-docs-default-same_size,docs,default,same_size,,matched,101.563152,0.00452600000000003,1,0,0,0,0,0,8
primary-matrix,main-r00-tsc-default-temporary,tsc,default,temporary,,matched,,0.020176000000000194,0,0,0,0,0,0,0
primary-matrix,main-r00-tsc-poll-same_size,tsc,poll,same_size,,matched,348.220303,0.05040200000000006,1,0,0,0,0,0,16
primary-matrix,main-r04-docs-relevant-newdir,docs,relevant,newdir,,matched,101.840677,0.005615999999999954,1,0,0,0,0,0,24
primary-matrix,main-r01-tsc-recommended-burst,tsc,recommended,burst,,matched,283.39808,0.050455999999999834,1,0,0,0,0,0,16
primary-matrix,main-r05-docs-relevant-preserved_stat,docs,relevant,preserved_stat,,matched,101.202103,0.003842000000000012,1,0,0,0,0,0,8
primary-matrix,main-r05-tsc-poll-preserved_stat,tsc,poll,preserved_stat,,stale,,0.020169000000000104,0,0,0,0,0,0,0
primary-matrix,main-r04-tsc-default-burst,tsc,default,burst,,matched,268.039953,0.04046099999999986,1,0,0,0,0,0,16
primary-matrix,main-r04-tsc-default-preserved_stat,tsc,default,preserved_stat,,matched,285.131235,0.030453000000000063,1,0,0,0,0,0,16
primary-matrix,main-r00-tsc-recommended-inplace,tsc,recommended,inplace,,matched,263.10338,0.040532000000000235,1,0,0,0,0,0,16
primary-matrix,main-r02-tsc-default-same_size,tsc,default,same_size,,matched,288.396549,0.04049700000000023,1,0,0,0,0,0,16
primary-matrix,main-r04-tsc-hash-temporary,tsc,hash,temporary,,matched,,0.006748999999999894,0,0,0,15,1740,0,0
primary-matrix,main-r00-docs-default-burst,docs,default,burst,,matched,99.357827,0.007336000000000009,2,0,0,0,0,0,24
primary-matrix,main-r00-docs-relevant-chunked,docs,relevant,chunked,,matched,82.721719,0.005264999999999964,2,0,0,0,0,0,16
primary-matrix,main-r03-docs-default-preserved_stat,docs,default,preserved_stat,,matched,101.56433,0.003813999999999984,1,0,0,0,0,0,8
primary-matrix,main-r02-tsc-recommended-atomic,tsc,recommended,atomic,,matched,269.682635,0.06057000000000001,1,0,0,0,0,0,16
primary-matrix,main-r02-docs-tuned-chunked,docs,tuned,chunked,,matched,83.047286,0.002702000000000093,1,0,0,0,0,0,8
primary-matrix,main-r00-docs-hash-chunked,docs,hash,chunked,,matched,84.024023,0.008928000000000047,2,0,0,16,1085,0,16
primary-matrix,main-r01-tsc-recommended-chunked,tsc,recommended,chunked,,matched,266.32389,0.04046000000000016,1,0,0,0,0,0,16
primary-matrix,main-r02-tsc-default-burst,tsc,default,burst,,matched,264.981051,0.05062300000000031,1,0,0,0,0,0,16
primary-matrix,main-r05-docs-default-same_size,docs,default,same_size,,matched,101.660688,0.005133000000000054,1,0,0,0,0,0,8
primary-matrix,main-r04-tsc-hash-atomic,tsc,hash,atomic,,matched,475.933823,0.8766810000000005,1,0,0,11,1276,0,16
primary-matrix,main-r00-tsc-recommended-atomic,tsc,recommended,atomic,,matched,267.534412,0.05043299999999973,1,0,0,0,0,0,16
primary-matrix,main-r02-docs-tuned-atomic,docs,tuned,atomic,,matched,206.355789,0.005135000000000001,1,0,0,0,0,0,8
primary-matrix,main-r01-tsc-poll-burst,tsc,poll,burst,,matched,490.087035,0.04042499999999993,1,0,0,0,0,0,16
primary-matrix,main-r00-docs-default-newdir,docs,default,newdir,,matched,101.815457,0.005758999999999848,1,0,0,0,0,0,24
primary-matrix,main-r04-docs-hash-inplace,docs,hash,inplace,,matched,101.894052,0.010053999999999896,1,0,0,14,1316,0,8
primary-matrix,main-r05-docs-default-chunked,docs,default,chunked,,matched,83.238215,0.007556000000000007,2,0,0,0,0,0,16
primary-matrix,main-r00-docs-poll-newdir,docs,poll,newdir,,matched,101.660399,0.007017000000000051,1,0,0,0,0,0,32
primary-matrix,main-r03-docs-tuned-temporary,docs,tuned,temporary,,matched,,0.0033770000000000744,0,0,0,0,0,0,0
primary-matrix,main-r05-tsc-default-chunked,tsc,default,chunked,,matched,267.615343,0.04042700000000021,1,0,0,0,0,0,16
primary-matrix,main-r01-tsc-hash-temporary,tsc,hash,temporary,,matched,,0.0061029999999999696,0,0,0,15,1740,0,0
primary-matrix,main-r03-tsc-poll-burst,tsc,poll,burst,,matched,262.170169,0.04050599999999993,1,0,0,0,0,0,16
primary-matrix,main-r03-tsc-default-preserved_stat,tsc,default,preserved_stat,,matched,312.79708,0.0404340000000003,1,0,0,0,0,0,16
primary-matrix,main-r01-docs-default-newdir,docs,default,newdir,,matched,101.85785,0.004866000000000037,1,0,0,0,0,0,24
primary-matrix,main-r01-docs-tuned-chunked,docs,tuned,chunked,,matched,83.11581,0.002817999999999987,1,0,0,0,0,0,16
primary-matrix,main-r01-tsc-default-burst,tsc,default,burst,,matched,261.923967,0.040372000000000074,1,0,0,0,0,0,16
primary-matrix,main-r02-tsc-hash-newdir,tsc,hash,newdir,,matched,454.130838,0.798856,1,0,0,11,1672,0,32
primary-matrix,main-r02-docs-hash-same_size,docs,hash,same_size,,matched,101.645264,0.011706999999999912,1,0,0,14,980,0,8
primary-matrix,main-r00-tsc-recommended-temporary,tsc,recommended,temporary,,matched,,0.020347000000000115,0,0,0,0,0,0,0
primary-matrix,main-r00-docs-default-inplace,docs,default,inplace,,matched,101.143754,0.003582999999999892,1,0,0,0,0,0,8
primary-matrix,main-r02-tsc-hash-burst,tsc,hash,burst,,matched,393.523989,1.7264350000000002,2,0,0,8,928,0,32
primary-matrix,main-r03-tsc-poll-atomic,tsc,poll,atomic,,matched,287.658937,0.020553000000000043,1,0,0,0,0,0,16
primary-matrix,main-r01-docs-tuned-atomic,docs,tuned,atomic,,matched,203.799491,0.005529000000000006,1,0,0,0,0,0,8
primary-matrix,main-r00-tsc-default-inplace,tsc,default,inplace,,matched,266.55856,0.0404230000000001,1,0,0,0,0,0,16
primary-matrix,main-r05-docs-default-temporary,docs,default,temporary,,matched,,0.00806399999999996,1,0,1,0,0,0,8
primary-matrix,main-r01-docs-default-burst,docs,default,burst,,matched,100.736479,0.009636000000000089,2,0,0,0,0,0,16
primary-matrix,main-r05-tsc-hash-inplace,tsc,hash,inplace,,matched,499.045728,0.8652,1,0,0,11,1474,0,16
primary-matrix,main-r04-docs-default-atomic,docs,default,atomic,,matched,101.334265,0.003762999999999961,1,0,0,0,0,0,8
primary-matrix,main-r02-docs-hash-atomic,docs,hash,atomic,,matched,101.843266,0.007502000000000009,1,0,0,14,980,0,8
primary-matrix,main-r01-tsc-hash-same_size,tsc,hash,same_size,,matched,475.750636,0.7947170000000001,1,0,0,11,1276,0,16
primary-matrix,main-r05-tsc-hash-chunked,tsc,hash,chunked,,matched,341.778878,1.6065960000000006,2,0,0,8,908,0,32
primary-matrix,main-r03-tsc-poll-temporary,tsc,poll,temporary,,matched,,0.010165999999999897,0,0,0,0,0,0,0
primary-matrix,main-r01-tsc-default-newdir,tsc,default,newdir,,matched,1284.701689,0.050528999999999824,1,0,0,0,0,0,16
primary-matrix,main-r02-docs-tuned-preserved_stat,docs,tuned,preserved_stat,,matched,204.386213,0.00506899999999999,1,0,0,0,0,0,8
primary-matrix,main-r02-docs-poll-temporary,docs,poll,temporary,,matched,,0.004460999999999937,0,0,0,0,0,0,0
primary-matrix,main-r00-docs-tuned-burst,docs,tuned,burst,,matched,99.591485,0.0033970000000000944,1,0,0,0,0,0,8
primary-matrix,main-r02-docs-poll-burst,docs,poll,burst,,stale,,0.005107000000000084,1,0,0,0,0,0,8
primary-matrix,main-r00-tsc-hash-temporary,tsc,hash,temporary,,matched,,0.0068509999999999405,0,0,0,15,1740,0,0
primary-matrix,main-r03-tsc-poll-inplace,tsc,poll,inplace,,matched,305.58657,0.04039400000000004,1,0,0,0,0,0,16
primary-matrix,main-r04-tsc-hash-burst,tsc,hash,burst,,matched,393.943532,1.7749879999999993,2,0,0,7,812,0,32
primary-matrix,main-r01-docs-tuned-newdir,docs,tuned,newdir,,matched,203.193796,0.00827,1,0,0,0,0,0,24
primary-matrix,main-r01-docs-tuned-inplace,docs,tuned,inplace,,matched,203.601482,0.003899000000000097,1,0,0,0,0,0,8
primary-matrix,main-r02-docs-relevant-chunked,docs,relevant,chunked,,matched,83.048409,0.006852999999999887,2,0,0,0,0,0,16
primary-matrix,main-r04-docs-hash-chunked,docs,hash,chunked,,matched,82.929382,0.01059600000000005,2,0,0,16,1085,0,24
primary-matrix,main-r04-docs-poll-atomic,docs,poll,atomic,,stale,,0.005565000000000042,0,0,0,0,0,0,0
primary-matrix,main-r03-docs-tuned-same_size,docs,tuned,same_size,,matched,203.575579,0.005367000000000011,1,0,0,0,0,0,8
primary-matrix,main-r00-tsc-recommended-preserved_stat,tsc,recommended,preserved_stat,,matched,281.142935,0.040471000000000146,1,0,0,0,0,0,16
primary-matrix,main-r04-docs-poll-preserved_stat,docs,poll,preserved_stat,,stale,,0.005950000000000011,0,0,0,0,0,0,0
primary-matrix,main-r02-docs-poll-preserved_stat,docs,poll,preserved_stat,,stale,,0.004730000000000012,0,0,0,0,0,0,0
primary-matrix,main-r03-tsc-hash-temporary,tsc,hash,temporary,,matched,,0.006789000000000156,0,0,0,15,1740,0,0
primary-matrix,main-r02-docs-tuned-temporary,docs,tuned,temporary,,matched,,0.003487000000000018,0,0,0,0,0,0,0
primary-matrix,main-r02-docs-relevant-newdir,docs,relevant,newdir,,matched,101.252901,0.005778000000000061,1,0,0,0,0,0,24
primary-matrix,main-r01-tsc-hash-burst,tsc,hash,burst,,matched,373.539421,1.6533369999999998,2,0,0,8,928,0,32
primary-matrix,main-r05-docs-relevant-inplace,docs,relevant,inplace,,matched,101.111686,0.004202999999999957,1,0,0,0,0,0,8
primary-matrix,main-r02-tsc-hash-atomic,tsc,hash,atomic,,matched,473.951885,0.8120640000000003,1,0,0,11,1276,0,16
primary-matrix,main-r01-tsc-poll-temporary,tsc,poll,temporary,,matched,,0.00021700000000013375,0,0,0,0,0,0,0
primary-matrix,main-r05-docs-poll-chunked,docs,poll,chunked,,stale,,0.003928000000000043,0,0,0,0,0,0,0
primary-matrix,main-r04-tsc-hash-newdir,tsc,hash,newdir,,matched,472.844956,0.811922,1,0,0,11,1672,0,32
primary-matrix,main-r04-tsc-default-newdir,tsc,default,newdir,,matched,1283.673844,0.030563999999999814,1,0,0,0,0,0,16
primary-matrix,main-r03-docs-poll-burst,docs,poll,burst,,stale,,0.00687799999999994,1,0,0,0,0,0,8
primary-matrix,main-r02-tsc-poll-chunked,tsc,poll,chunked,,matched,225.390001,0.040404000000000106,1,0,0,0,0,0,16
primary-matrix,main-r03-tsc-recommended-atomic,tsc,recommended,atomic,,matched,264.250805,0.040456999999999965,1,0,0,0,0,0,16
primary-matrix,main-r03-tsc-hash-newdir,tsc,hash,newdir,,matched,450.026963,0.7617059999999998,1,0,0,11,1672,0,32
primary-matrix,main-r00-docs-hash-newdir,docs,hash,newdir,,matched,101.346174,0.00932999999999995,1,0,0,14,1316,0,24
primary-matrix,main-r02-tsc-hash-temporary,tsc,hash,temporary,,matched,,0.005995000000000195,0,0,0,15,1740,0,0
primary-matrix,main-r03-tsc-hash-inplace,tsc,hash,inplace,,matched,483.730532,0.8599990000000002,1,0,0,11,1474,0,16
primary-matrix,main-r03-tsc-hash-burst,tsc,hash,burst,,matched,367.673659,1.5925549999999997,2,0,0,8,928,0,32
primary-matrix,main-r05-tsc-recommended-atomic,tsc,recommended,atomic,,matched,264.163113,0.04052800000000034,1,0,0,0,0,0,16
primary-matrix,main-r00-tsc-poll-inplace,tsc,poll,inplace,,matched,333.190653,0.05043099999999989,1,0,0,0,0,0,16
primary-matrix,main-r02-docs-relevant-temporary,docs,relevant,temporary,,matched,,0.0025300000000000322,0,0,0,0,0,0,0
primary-matrix,main-r04-docs-default-same_size,docs,default,same_size,,matched,101.250095,0.007840999999999876,1,0,0,0,0,0,8
primary-matrix,main-r04-tsc-default-inplace,tsc,default,inplace,,matched,286.356499,0.04049400000000025,1,0,0,0,0,0,16
primary-matrix,main-r02-tsc-poll-burst,tsc,poll,burst,,matched,508.262884,0.040382999999999836,1,0,0,0,0,0,16
primary-matrix,main-r01-docs-relevant-atomic,docs,relevant,atomic,,matched,101.187224,0.00572499999999998,1,0,0,0,0,0,8
primary-matrix,main-r02-tsc-hash-same_size,tsc,hash,same_size,,matched,450.295358,0.767144,1,0,0,11,1276,0,16
primary-matrix,main-r04-tsc-recommended-same_size,tsc,recommended,same_size,,matched,264.207549,0.030384999999999884,1,0,0,0,0,0,16
primary-matrix,main-r03-docs-hash-chunked,docs,hash,chunked,,matched,82.468158,0.008253000000000066,2,0,0,16,1085,0,16
primary-matrix,main-r02-docs-hash-newdir,docs,hash,newdir,,matched,101.155659,0.008419000000000176,1,0,0,14,1316,0,24
primary-matrix,main-r01-docs-poll-chunked,docs,poll,chunked,,stale,,0.004170000000000007,0,0,0,0,0,0,0
primary-matrix,main-r03-tsc-default-temporary,tsc,default,temporary,,matched,,0.00017500000000025828,0,0,0,0,0,0,0
primary-matrix,main-r05-tsc-poll-inplace,tsc,poll,inplace,,matched,364.777318,0.04042199999999996,1,0,0,0,0,0,16
primary-matrix,main-r02-docs-hash-inplace,docs,hash,inplace,,matched,101.408199,0.008541999999999939,1,0,0,14,1316,0,8
primary-matrix,main-r00-docs-tuned-temporary,docs,tuned,temporary,,matched,,0.0035680000000000156,0,0,0,0,0,0,0
primary-matrix,main-r04-tsc-hash-preserved_stat,tsc,hash,preserved_stat,,matched,507.974115,0.9147649999999998,1,0,0,10,1160,0,16
primary-matrix,main-r03-docs-relevant-same_size,docs,relevant,same_size,,matched,101.61684,0.008943000000000034,1,0,0,0,0,0,8
primary-matrix,main-r04-docs-poll-burst,docs,poll,burst,,stale,,0.005685999999999969,1,0,0,0,0,0,8
primary-matrix,main-r00-tsc-recommended-burst,tsc,recommended,burst,,matched,264.541824,0.040385000000000115,1,0,0,0,0,0,16
primary-matrix,main-r02-docs-relevant-preserved_stat,docs,relevant,preserved_stat,,matched,101.810482,0.005228999999999928,1,0,0,0,0,0,8
primary-matrix,main-r03-docs-tuned-preserved_stat,docs,tuned,preserved_stat,,matched,203.801528,0.005333000000000032,1,0,0,0,0,0,8
primary-matrix,main-r03-docs-hash-burst,docs,hash,burst,,matched,98.259206,0.010171000000000041,2,0,0,15,1050,0,24
primary-matrix,main-r04-docs-tuned-same_size,docs,tuned,same_size,,matched,205.3851,0.004124999999999934,1,0,0,0,0,0,8
primary-matrix,main-r03-tsc-default-newdir,tsc,default,newdir,,matched,1272.256661,0.030442999999999998,1,0,0,0,0,0,16
primary-matrix,main-r04-docs-tuned-chunked,docs,tuned,chunked,,matched,83.700349,0.0037439999999999696,1,0,0,0,0,0,8
primary-matrix,main-r05-docs-tuned-chunked,docs,tuned,chunked,,matched,83.961962,0.005612999999999868,1,0,0,0,0,0,8
primary-matrix,main-r01-docs-hash-newdir,docs,hash,newdir,,matched,102.930748,0.00978699999999999,1,0,0,14,1316,0,24
primary-matrix,main-r05-docs-relevant-atomic,docs,relevant,atomic,,matched,101.684814,0.003934999999999911,1,0,0,0,0,0,8
primary-matrix,main-r01-tsc-poll-same_size,tsc,poll,same_size,,matched,327.329265,0.020465999999999873,1,0,0,0,0,0,16
primary-matrix,main-r04-docs-default-newdir,docs,default,newdir,,matched,101.962828,0.006406000000000023,1,0,0,0,0,0,24
primary-matrix,main-r03-docs-hash-atomic,docs,hash,atomic,,matched,101.86284,0.00979999999999992,1,0,0,14,980,0,8
primary-matrix,main-r01-docs-tuned-burst,docs,tuned,burst,,matched,98.448513,0.005886999999999976,1,0,0,0,0,0,8
primary-matrix,main-r01-tsc-poll-inplace,tsc,poll,inplace,,matched,367.942275,0.05055300000000029,1,0,0,0,0,0,16
primary-matrix,main-r03-docs-relevant-chunked,docs,relevant,chunked,,matched,82.992099,0.006722000000000006,2,0,0,0,0,0,16
primary-matrix,main-r02-docs-tuned-burst,docs,tuned,burst,,matched,99.549048,0.0033170000000000144,1,0,0,0,0,0,8
primary-matrix,main-r05-docs-tuned-atomic,docs,tuned,atomic,,matched,202.783981,0.0058450000000001,1,0,0,0,0,0,8
primary-matrix,main-r02-docs-relevant-burst,docs,relevant,burst,,matched,99.507139,0.007509999999999906,2,0,0,0,0,0,16
primary-matrix,main-r01-tsc-hash-atomic,tsc,hash,atomic,,matched,474.147392,0.8099669999999997,1,0,0,11,1276,0,16
primary-matrix,main-r00-tsc-hash-newdir,tsc,hash,newdir,,matched,473.81161,0.8081460000000003,1,0,0,11,1672,0,32
primary-matrix,main-r00-docs-poll-burst,docs,poll,burst,,stale,,0.005851999999999968,0,0,0,0,0,0,0
primary-matrix,main-r01-docs-hash-preserved_stat,docs,hash,preserved_stat,,matched,101.852773,0.008569000000000049,1,0,0,14,980,0,8
primary-matrix,main-r02-docs-default-chunked,docs,default,chunked,,matched,82.731324,0.004874000000000045,2,0,0,0,0,0,16
primary-matrix,main-r05-docs-relevant-chunked,docs,relevant,chunked,,matched,83.398557,0.007209999999999939,2,0,0,0,0,0,16
primary-matrix,main-r05-docs-poll-atomic,docs,poll,atomic,,stale,,0.00636099999999995,0,0,0,0,0,0,0
primary-matrix,main-r04-docs-hash-burst,docs,hash,burst,,matched,99.236358,0.009119999999999906,2,0,0,15,1050,0,16
primary-matrix,main-r04-docs-default-chunked,docs,default,chunked,,matched,82.932966,0.005070000000000019,2,0,0,0,0,0,16
primary-matrix,main-r03-tsc-poll-chunked,tsc,poll,chunked,,matched,449.409275,0.05071899999999996,1,0,0,0,0,0,16
primary-matrix,main-r04-tsc-poll-chunked,tsc,poll,chunked,,matched,186.705951,0.02062900000000023,1,0,0,0,0,0,16
primary-matrix,main-r00-docs-default-preserved_stat,docs,default,preserved_stat,,matched,101.515271,0.005224000000000006,1,0,0,0,0,0,8
primary-matrix,main-r05-tsc-recommended-newdir,tsc,recommended,newdir,,matched,1284.535681,0.05042600000000008,1,0,0,0,0,0,16
primary-matrix,main-r00-tsc-hash-chunked,tsc,hash,chunked,,matched,356.511334,1.6260140000000003,2,0,0,8,908,0,32
primary-matrix,main-r05-tsc-poll-temporary,tsc,poll,temporary,,matched,,0.010178999999999938,0,0,0,0,0,0,0
primary-matrix,main-r03-tsc-recommended-chunked,tsc,recommended,chunked,,matched,267.724314,0.04041799999999984,1,0,0,0,0,0,16
primary-matrix,main-r02-docs-default-preserved_stat,docs,default,preserved_stat,,matched,101.351533,0.006908000000000025,1,0,0,0,0,0,8
primary-matrix,main-r05-tsc-recommended-same_size,tsc,recommended,same_size,,matched,285.188591,0.04042799999999991,1,0,0,0,0,0,16
primary-matrix,main-r05-docs-default-burst,docs,default,burst,,matched,98.880073,0.0049639999999999684,2,0,0,0,0,0,16
primary-matrix,main-r01-docs-relevant-inplace,docs,relevant,inplace,,matched,101.61913,0.0044880000000000475,1,0,0,0,0,0,8
primary-matrix,main-r01-tsc-hash-chunked,tsc,hash,chunked,,matched,354.058921,1.6368660000000002,2,0,0,8,908,0,32
primary-matrix,main-r00-docs-hash-preserved_stat,docs,hash,preserved_stat,,matched,101.427931,0.0070749999999999424,1,0,0,14,980,0,8
primary-matrix,main-r02-docs-default-atomic,docs,default,atomic,,matched,101.880203,0.0040160000000000196,1,0,0,0,0,0,8
primary-matrix,main-r04-docs-relevant-same_size,docs,relevant,same_size,,matched,101.31352,0.006055000000000033,1,0,0,0,0,0,8
primary-matrix,main-r01-docs-poll-newdir,docs,poll,newdir,,matched,163.397273,0.006604000000000054,1,0,0,0,0,0,24
primary-matrix,main-r00-docs-poll-atomic,docs,poll,atomic,,matched,102.112091,0.005017000000000049,1,0,0,0,0,0,8
primary-matrix,main-r04-tsc-recommended-atomic,tsc,recommended,atomic,,matched,268.294421,0.04062699999999975,1,0,0,0,0,0,16
primary-matrix,main-r04-tsc-recommended-chunked,tsc,recommended,chunked,,matched,267.630866,0.04062499999999991,1,0,0,0,0,0,16
primary-matrix,main-r05-docs-poll-newdir,docs,poll,newdir,,matched,101.212282,0.005649999999999933,1,0,0,0,0,0,32
primary-matrix,main-r02-tsc-recommended-same_size,tsc,recommended,same_size,,matched,284.409275,0.04042900000000005,1,0,0,0,0,0,16
primary-matrix,main-r04-docs-hash-newdir,docs,hash,newdir,,matched,101.452031,0.008973999999999926,1,0,0,14,1316,0,24
primary-matrix,main-r04-docs-hash-temporary,docs,hash,temporary,,matched,,0.006469999999999976,0,0,0,15,1050,0,0
primary-matrix,main-r01-docs-hash-same_size,docs,hash,same_size,,matched,101.931966,0.006762000000000046,1,0,0,14,980,0,8
primary-matrix,main-r00-docs-tuned-inplace,docs,tuned,inplace,,matched,205.745196,0.00515499999999991,1,0,0,0,0,0,8
primary-matrix,main-r05-tsc-poll-same_size,tsc,poll,same_size,,matched,326.966667,0.030518999999999963,1,0,0,0,0,0,16
primary-matrix,main-r00-tsc-recommended-newdir,tsc,recommended,newdir,,matched,1283.088625,0.040437999999999974,1,0,0,0,0,0,16
primary-matrix,main-r05-tsc-poll-chunked,tsc,poll,chunked,,matched,453.968685,0.04045700000000019,1,0,0,0,0,0,16
primary-matrix,main-r04-docs-hash-same_size,docs,hash,same_size,,matched,101.291194,0.011696999999999957,1,0,0,14,980,0,8
primary-matrix,main-r03-tsc-hash-same_size,tsc,hash,same_size,,matched,496.234637,0.8393929999999996,1,0,0,11,1276,0,16
primary-matrix,main-r05-docs-default-newdir,docs,default,newdir,,matched,101.900653,0.008048000000000055,1,0,0,0,0,0,24
primary-matrix,main-r00-tsc-hash-preserved_stat,tsc,hash,preserved_stat,,matched,462.241734,0.8437430000000001,1,0,0,11,1276,0,16
primary-matrix,main-r00-tsc-poll-burst,tsc,poll,burst,,matched,243.025914,0.04045600000000027,1,0,0,0,0,0,16
primary-matrix,main-r03-docs-poll-atomic,docs,poll,atomic,,matched,101.65589,0.006830000000000003,1,0,0,0,0,0,8
primary-matrix,main-r04-tsc-recommended-preserved_stat,tsc,recommended,preserved_stat,,matched,262.988149,0.04046600000000011,1,0,0,0,0,0,16
primary-matrix,main-r04-tsc-hash-inplace,tsc,hash,inplace,,matched,475.7941,0.8154660000000005,1,0,0,11,1474,0,24
primary-matrix,main-r02-tsc-poll-newdir,tsc,poll,newdir,,matched,1347.250977,0.050536000000000136,1,0,0,0,0,0,16
primary-matrix,main-r01-docs-default-temporary,docs,default,temporary,,matched,,0.0034919999999999396,1,0,1,0,0,0,8
primary-matrix,main-r01-tsc-hash-inplace,tsc,hash,inplace,,matched,429.895297,0.7480649999999998,1,0,0,11,1474,0,16
primary-matrix,main-r01-docs-hash-atomic,docs,hash,atomic,,matched,101.469396,0.007496000000000058,1,0,0,14,980,0,8
primary-matrix,main-r05-docs-poll-preserved_stat,docs,poll,preserved_stat,,stale,,0.005175000000000041,0,0,0,0,0,0,0
primary-matrix,main-r05-docs-hash-same_size,docs,hash,same_size,,matched,101.773592,0.0063350000000000906,1,0,0,14,980,0,8
primary-matrix,main-r03-docs-poll-chunked,docs,poll,chunked,,stale,,0.004844999999999988,1,0,0,0,0,0,8
primary-matrix,main-r02-tsc-hash-preserved_stat,tsc,hash,preserved_stat,,matched,475.762615,0.8187619999999998,1,0,0,11,1276,0,16
primary-matrix,main-r05-docs-tuned-preserved_stat,docs,tuned,preserved_stat,,matched,202.800331,0.003215000000000079,1,0,0,0,0,0,8
primary-matrix,main-r02-tsc-default-newdir,tsc,default,newdir,,matched,1274.153123,0.05047200000000007,1,0,0,0,0,0,16
sensitivity,sens-r00-docs-wrong_filter-none,docs,wrong_filter,inplace,,stale,,0.00326700000000002,0,0,0,0,0,0,0
sensitivity,sens-r00-docs-relevant-drop,docs,relevant,inplace,,stale,,0.0032929999999999904,0,0,0,0,0,0,0
sensitivity,sens-r00-docs-relevant-fail,docs,relevant,inplace,,stale,,0.0042000000000000925,1,1,0,0,0,0,0
sensitivity,sens-r00-docs-relevant-none,docs,relevant,inplace,,matched,101.50573,0.005904999999999938,1,0,0,0,0,0,8
sensitivity,sens-r00-tsc-wrong_filter-none,tsc,wrong_filter,inplace,,stale,,0.020188000000000095,0,0,0,0,0,0,0
sensitivity,sens-r00-tsc-default-none,tsc,default,inplace,,matched,264.450749,0.03044800000000003,1,0,0,0,0,0,16
sensitivity,sens-r01-docs-wrong_filter-none,docs,wrong_filter,inplace,,stale,,0.004666999999999977,0,0,0,0,0,0,0
sensitivity,sens-r01-docs-relevant-drop,docs,relevant,inplace,,stale,,0.004411000000000054,0,0,0,0,0,0,0
sensitivity,sens-r01-docs-relevant-fail,docs,relevant,inplace,,stale,,0.004708999999999963,1,1,0,0,0,0,0
sensitivity,sens-r01-docs-relevant-none,docs,relevant,inplace,,matched,101.676933,0.008216000000000001,1,0,0,0,0,0,8
sensitivity,sens-r01-tsc-wrong_filter-none,tsc,wrong_filter,inplace,,stale,,0.010212999999999806,0,0,0,0,0,0,0
sensitivity,sens-r01-tsc-default-none,tsc,default,inplace,,matched,285.712338,0.04038699999999995,1,0,0,0,0,0,16
sensitivity,sens-r02-docs-wrong_filter-none,docs,wrong_filter,inplace,,stale,,0.005738000000000021,0,0,0,0,0,0,0
sensitivity,sens-r02-docs-relevant-drop,docs,relevant,inplace,,stale,,0.0049759999999999804,0,0,0,0,0,0,0
sensitivity,sens-r02-docs-relevant-fail,docs,relevant,inplace,,stale,,0.003870999999999958,1,1,0,0,0,0,0
sensitivity,sens-r02-docs-relevant-none,docs,relevant,inplace,,matched,101.939506,0.006137999999999977,1,0,0,0,0,0,8
sensitivity,sens-r02-tsc-wrong_filter-none,tsc,wrong_filter,inplace,,stale,,0.00017599999999973193,0,0,0,0,0,0,0
sensitivity,sens-r02-tsc-default-none,tsc,default,inplace,,matched,283.503105,0.040437999999999974,1,0,0,0,0,0,16
timing-diagnostic,timing-r04-poll-cross_second,docs,poll,,cross_second,matched,,0.009484999999999966,1,0,,0,0,0,8
timing-diagnostic,timing-r02-hash-same_second,docs,hash,,same_second,matched,,0.016700999999999966,1,0,,29,2030,0,8
timing-diagnostic,timing-r05-relevant-cross_second,docs,relevant,,cross_second,matched,,0.006456999999999935,1,0,,0,0,0,8
timing-diagnostic,timing-r01-relevant-cross_second,docs,relevant,,cross_second,matched,,0.005813999999999986,1,0,,0,0,0,8
timing-diagnostic,timing-r02-poll-cross_second,docs,poll,,cross_second,matched,,0.008965999999999918,1,0,,0,0,0,8
timing-diagnostic,timing-r05-relevant-same_second,docs,relevant,,same_second,matched,,0.004923000000000011,1,0,,0,0,0,8
timing-diagnostic,timing-r00-relevant-same_second,docs,relevant,,same_second,matched,,0.005188999999999999,1,0,,0,0,0,8
timing-diagnostic,timing-r01-poll-same_second,docs,poll,,same_second,stale,,0.007817000000000074,0,0,,0,0,0,0
timing-diagnostic,timing-r05-hash-same_second,docs,hash,,same_second,matched,,0.014742000000000033,1,0,,29,2030,0,8
timing-diagnostic,timing-r03-poll-cross_second,docs,poll,,cross_second,matched,,0.008954000000000018,1,0,,0,0,0,8
timing-diagnostic,timing-r02-poll-same_second,docs,poll,,same_second,stale,,0.0067789999999999795,0,0,,0,0,0,0
timing-diagnostic,timing-r03-hash-same_second,docs,hash,,same_second,matched,,0.013549999999999951,1,0,,29,2030,0,8
timing-diagnostic,timing-r01-relevant-same_second,docs,relevant,,same_second,matched,,0.005171000000000037,1,0,,0,0,0,8
timing-diagnostic,timing-r00-poll-cross_second,docs,poll,,cross_second,matched,,0.009577000000000058,1,0,,0,0,0,8
timing-diagnostic,timing-r04-relevant-same_second,docs,relevant,,same_second,matched,,0.004994999999999972,1,0,,0,0,0,8
timing-diagnostic,timing-r01-poll-cross_second,docs,poll,,cross_second,matched,,0.01024400000000003,1,0,,0,0,0,8
timing-diagnostic,timing-r00-hash-same_second,docs,hash,,same_second,matched,,0.02082699999999993,1,0,,29,2030,0,8
timing-diagnostic,timing-r01-hash-same_second,docs,hash,,same_second,matched,,0.014538000000000051,1,0,,29,2030,0,8
timing-diagnostic,timing-r03-relevant-same_second,docs,relevant,,same_second,matched,,0.005920000000000036,1,0,,0,0,0,8
timing-diagnostic,timing-r04-hash-same_second,docs,hash,,same_second,matched,,0.015230999999999884,1,0,,29,2030,0,8
timing-diagnostic,timing-r02-relevant-same_second,docs,relevant,,same_second,matched,,0.005112999999999923,1,0,,0,0,0,8
timing-diagnostic,timing-r00-relevant-cross_second,docs,relevant,,cross_second,matched,,0.00600999999999996,1,0,,0,0,0,8
timing-diagnostic,timing-r04-relevant-cross_second,docs,relevant,,cross_second,matched,,0.006777999999999951,1,0,,0,0,0,8
timing-diagnostic,timing-r03-relevant-cross_second,docs,relevant,,cross_second,matched,,0.0067670000000000785,1,0,,0,0,0,8
timing-diagnostic,timing-r00-poll-same_second,docs,poll,,same_second,stale,,0.007625000000000104,0,0,,0,0,0,0
timing-diagnostic,timing-r05-poll-same_second,docs,poll,,same_second,stale,,0.007337999999999956,0,0,,0,0,0,0
timing-diagnostic,timing-r02-relevant-cross_second,docs,relevant,,cross_second,matched,,0.006921999999999984,1,0,,0,0,0,8
timing-diagnostic,timing-r03-poll-same_second,docs,poll,,same_second,stale,,0.006520999999999999,0,0,,0,0,0,0
timing-diagnostic,timing-r04-poll-same_second,docs,poll,,same_second,stale,,0.007088999999999901,0,0,,0,0,0,0
timing-diagnostic,timing-r05-poll-cross_second,docs,poll,,cross_second,matched,,0.009241999999999972,1,0,,0,0,0,8
baseline-challenge,baseline-r00-newdir,tsc,documented_sync,newdir,,matched,266.117219,0.05051899999999998,1,0,0,0,0,0,16
baseline-challenge,baseline-r00-atomic,tsc,documented_sync,atomic,,matched,286.684177,0.04056800000000016,1,0,0,0,0,0,16
baseline-challenge,baseline-r00-burst,tsc,documented_sync,burst,,matched,264.824837,0.03070100000000031,1,0,0,0,0,0,16
baseline-challenge,baseline-r01-newdir,tsc,documented_sync,newdir,,matched,285.443337,0.04039999999999999,1,0,0,0,0,0,16
baseline-challenge,baseline-r01-atomic,tsc,documented_sync,atomic,,matched,266.096978,0.040403999999999884,1,0,0,0,0,0,16
baseline-challenge,baseline-r01-burst,tsc,documented_sync,burst,,matched,282.644125,0.030405999999999933,1,0,0,0,0,0,16
baseline-challenge,baseline-r02-newdir,tsc,documented_sync,newdir,,matched,325.667003,0.09043299999999999,1,0,0,0,0,0,16
baseline-challenge,baseline-r02-atomic,tsc,documented_sync,atomic,,matched,281.858188,0.05034200000000011,1,0,0,0,0,0,16
baseline-challenge,baseline-r02-burst,tsc,documented_sync,burst,,matched,264.845871,0.04045099999999979,1,0,0,0,0,0,16
baseline-challenge,baseline-r03-newdir,tsc,documented_sync,newdir,,matched,286.451635,0.0404199999999999,1,0,0,0,0,0,16
baseline-challenge,baseline-r03-atomic,tsc,documented_sync,atomic,,matched,286.15321,0.040627999999999886,1,0,0,0,0,0,16
baseline-challenge,baseline-r03-burst,tsc,documented_sync,burst,,matched,264.177312,0.04047199999999984,1,0,0,0,0,0,16
baseline-challenge,baseline-r04-newdir,tsc,documented_sync,newdir,,matched,266.120364,0.03057500000000002,1,0,0,0,0,0,16
baseline-challenge,baseline-r04-atomic,tsc,documented_sync,atomic,,matched,265.884302,0.050474999999999604,1,0,0,0,0,0,16
baseline-challenge,baseline-r04-burst,tsc,documented_sync,burst,,matched,263.984318,0.020624999999999893,1,0,0,0,0,0,16
baseline-challenge,baseline-r05-newdir,tsc,documented_sync,newdir,,matched,286.607413,0.05045900000000003,1,0,0,0,0,0,16
baseline-challenge,baseline-r05-atomic,tsc,documented_sync,atomic,,matched,266.147258,0.04048799999999986,1,0,0,0,0,0,16
baseline-challenge,baseline-r05-burst,tsc,documented_sync,burst,,matched,264.87705,0.04081100000000015,1,0,0,0,0,0,16
uvicorn-integration,uvicorn-r00-default-same_size,docs,default,same_size,,stale,,,,,,,,,
uvicorn-integration,uvicorn-r00-include_md-same_size,docs,include_md,same_size,,matched,,,,,,,,,
uvicorn-integration,uvicorn-r00-include_md-atomic,docs,include_md,atomic,,matched,,,,,,,,,
uvicorn-integration,uvicorn-r00-include_md-temporary,docs,include_md,temporary,,matched,,,,,,,,,
uvicorn-integration,uvicorn-r01-default-same_size,docs,default,same_size,,stale,,,,,,,,,
uvicorn-integration,uvicorn-r01-include_md-same_size,docs,include_md,same_size,,matched,,,,,,,,,
uvicorn-integration,uvicorn-r01-include_md-atomic,docs,include_md,atomic,,matched,,,,,,,,,
uvicorn-integration,uvicorn-r01-include_md-temporary,docs,include_md,temporary,,matched,,,,,,,,,
uvicorn-integration,uvicorn-r02-default-same_size,docs,default,same_size,,stale,,,,,,,,,
uvicorn-integration,uvicorn-r02-include_md-same_size,docs,include_md,same_size,,matched,,,,,,,,,
uvicorn-integration,uvicorn-r02-include_md-atomic,docs,include_md,atomic,,matched,,,,,,,,,
uvicorn-integration,uvicorn-r02-include_md-temporary,docs,include_md,temporary,,matched,,,,,,,,,
long-budget,long-r05-tsc-default-newdir,tsc,default,newdir,,matched,1284.098001,0.05061099999999996,1,0,0,0,0,0,16
long-budget,long-r04-tsc-default-newdir,tsc,default,newdir,,matched,1266.368231,0.030508999999999897,1,0,0,0,0,0,16
long-budget,long-r02-tsc-default-newdir,tsc,default,newdir,,matched,1282.707705,0.05041799999999985,1,0,0,0,0,0,64
long-budget,long-r01-tsc-poll-newdir,tsc,poll,newdir,,matched,1304.077687,0.050721999999999934,1,0,0,0,0,0,16
long-budget,long-r02-tsc-poll-newdir,tsc,poll,newdir,,matched,1286.74434,0.06051200000000012,1,0,0,0,0,0,24
long-budget,long-r04-tsc-poll-newdir,tsc,poll,newdir,,matched,1345.183997,0.05046799999999996,1,0,0,0,0,0,24
long-budget,long-r01-tsc-default-newdir,tsc,default,newdir,,matched,1280.380507,0.040435999999999916,1,0,0,0,0,0,16
long-budget,long-r00-tsc-default-newdir,tsc,default,newdir,,matched,1276.193531,0.06073499999999998,1,0,0,0,0,0,24
long-budget,long-r00-tsc-poll-newdir,tsc,poll,newdir,,matched,1338.160203,0.060362999999999944,1,0,0,0,0,0,16
long-budget,long-r03-tsc-poll-newdir,tsc,poll,newdir,,matched,1342.334631,0.050384000000000206,1,0,0,0,0,0,16
long-budget,long-r03-tsc-default-newdir,tsc,default,newdir,,matched,1283.449129,0.040451000000000015,1,0,0,0,0,0,24
long-budget,long-r05-tsc-poll-newdir,tsc,poll,newdir,,matched,1387.447444,0.05041699999999971,1,0,0,0,0,0,16
