index,key,type,title,year,doi,verification_url,source_type,supports_in_paper,checked_utc
1,buildfuzz,inproceedings,Detecting Incorrect Build Rules,2019,10.1109/ICSE.2019.00125,https://doi.org/10.1109/ICSE.2019.00125,peer-reviewed,incremental-build correctness and clean-build comparison,2026-10-01
2,riker,inproceedings,Riker: Always-Correct and Fast Incremental Builds from Simple Specifications,2022,,https://www.usenix.org/conference/atc22/presentation/curtsinger,peer-reviewed,correct incremental execution,2026-10-01
3,echecker,inproceedings,Detecting Build Dependency Errors in Incremental Builds,2024,10.1145/3650212.3652105,https://doi.org/10.1145/3650212.3652105,peer-reviewed,incremental-build dependency errors,2026-10-01
4,buildcarte,article,Build Systems {\`a} la Carte,2018,10.1145/3236774,https://doi.org/10.1145/3236774,peer-reviewed,build-system design dimensions,2026-10-01
5,shake,inproceedings,Shake Before Building: Replacing Make with Haskell,2012,10.1145/2364527.2364538,https://doi.org/10.1145/2364527.2364538,peer-reviewed,dynamic dependencies and incremental builds,2026-10-01
6,pluto,inproceedings,A Sound and Optimal Incremental Build System with Dynamic Dependencies,2015,10.1145/2814270.2814316,https://doi.org/10.1145/2814270.2814316,peer-reviewed,soundness and optimality in incremental builds,2026-10-01
7,pie,article,PIE: A Domain-Specific Language for Interactive Software Development Pipelines,2018,10.22152/programming-journal.org/2018/2/9,https://doi.org/10.22152/programming-journal.org/2018/2/9,peer-reviewed,interactive development pipelines,2026-10-01
8,nix,inproceedings,Nix: A Safe and Policy-Free System for Software Deployment,2004,,https://www.usenix.org/conference/lisa-04/nix-safe-and-policy-free-system-software-deployment,peer-reviewed,reproducible dependency-based deployment,2026-10-01
9,builderrors,inproceedings,Programmers' Build Errors: A Case Study (at Google),2014,10.1145/2568225.2568255,https://doi.org/10.1145/2568225.2568255,peer-reviewed,practical build failures,2026-10-01
10,buildmaint,inproceedings,An Empirical Study of Build Maintenance Effort,2011,10.1145/1985793.1985813,https://doi.org/10.1145/1985793.1985813,peer-reviewed,build maintenance in practice,2026-10-01
11,antevolution,inproceedings,The Evolution of ANT Build Systems,2010,10.1109/MSR.2010.5463341,https://doi.org/10.1109/MSR.2010.5463341,peer-reviewed,evolution of build specifications,2026-10-01
12,weyuker,article,On Testing Non-Testable Programs,1982,10.1093/comjnl/25.4.465,https://doi.org/10.1093/comjnl/25.4.465,peer-reviewed,oracle problem,2026-10-01
13,oraclesurvey,article,The Oracle Problem in Software Testing: A Survey,2015,10.1109/TSE.2014.2372785,https://doi.org/10.1109/TSE.2014.2372785,peer-reviewed,test-oracle taxonomy,2026-10-01
14,difftest,article,Differential Testing for Software,1998,,https://vmssoftware.com/docs/dtj-v10-01-1998.pdf,peer-reviewed,differential oracle,2026-10-01
15,metareview,article,Metamorphic Testing: A Review of Challenges and Opportunities,2018,10.1145/3143561,https://doi.org/10.1145/3143561,peer-reviewed,metamorphic testing review,2026-10-01
16,metasurvey,article,A Survey on Metamorphic Testing,2016,10.1109/TSE.2016.2532875,https://doi.org/10.1109/TSE.2016.2532875,peer-reviewed,metamorphic testing survey,2026-10-01
17,hamming1950,article,Error Detecting and Error Correcting Codes,1950,10.1002/j.1538-7305.1950.tb00463.x,https://doi.org/10.1002/j.1538-7305.1950.tb00463.x,peer-reviewed,distance-based error correction for diagnostic transcripts,2026-10-07
18,scipy2020,article,SciPy 1.0: Fundamental Algorithms for Scientific Computing in Python,2020,10.1038/s41592-019-0686-2,https://doi.org/10.1038/s41592-019-0686-2,peer-reviewed,MILP implementation and reproducible numerical software,2026-10-07
19,oraclemutation,inproceedings,"Automated Oracle Creation Support, or: How I Learned to Stop Worrying about Fault Propagation and Love Mutation Testing",2012,10.1109/ICSE.2012.6227132,https://doi.org/10.1109/ICSE.2012.6227132,peer-reviewed,mutation-based oracle selection,2026-10-01
20,metarel,inproceedings,An Empirical Study on the Selection of Good Metamorphic Relations,2006,10.1109/COMPSAC.2006.24,https://doi.org/10.1109/COMPSAC.2006.24,peer-reviewed,metamorphic-relation quality,2026-10-01
21,metasimple,inproceedings,Metamorphic Testing: A Simple Method for Alleviating the Test Oracle Problem,2015,10.1109/AST.2015.18,https://doi.org/10.1109/AST.2015.18,peer-reviewed,metamorphic testing overview,2026-10-01
22,flakyemp,inproceedings,An Empirical Analysis of Flaky Tests,2014,10.1145/2635868.2635920,https://doi.org/10.1145/2635868.2635920,peer-reviewed,causes of flaky behavior,2026-10-01
23,deflaker,inproceedings,DeFlaker: Automatically Detecting Flaky Tests,2018,10.1145/3180155.3180164,https://doi.org/10.1145/3180155.3180164,peer-reviewed,flaky-test detection,2026-10-01
24,idflakies,inproceedings,iDFlakies: A Framework for Detecting and Partially Classifying Flaky Tests,2019,10.1109/ICST.2019.00038,https://doi.org/10.1109/ICST.2019.00038,peer-reviewed,repeatable flaky-test classification,2026-10-01
25,reiter1987,article,A Theory of Diagnosis from First Principles,1987,10.1016/0004-3702(87)90062-2,https://doi.org/10.1016/0004-3702(87)90062-2,peer-reviewed,foundational model-based diagnosis and candidate consistency,2026-10-05
26,dekleer1987,article,Diagnosing Multiple Faults,1987,10.1016/0004-3702(87)90063-4,https://doi.org/10.1016/0004-3702(87)90063-4,peer-reviewed,multiple-fault diagnosis over candidate sets,2026-10-05
27,flakysurvey,article,A Survey of Flaky Tests,2022,10.1145/3476105,https://doi.org/10.1145/3476105,peer-reviewed,flaky-test research synthesis,2026-10-01
28,flakypython,inproceedings,An Empirical Study of Flaky Tests in Python,2021,10.1109/ICST49551.2021.00026,https://doi.org/10.1109/ICST49551.2021.00026,peer-reviewed,Python-specific flakiness and rerun needs,2026-10-01
29,rodler2023,article,Sequential Model-Based Diagnosis by Systematic Search,2023,10.1016/j.artint.2023.103988,https://doi.org/10.1016/j.artint.2023.103988,peer-reviewed,sequential selection of diagnostic tests,2026-10-05
30,configerrors,inproceedings,An Empirical Study on Configuration Errors in Commercial and Open Source Systems,2011,10.1145/2043556.2043572,https://doi.org/10.1145/2043556.2043572,peer-reviewed,configuration failures,2026-10-01
31,configextract,inproceedings,Static Extraction of Program Configuration Options,2011,10.1145/1985793.1985812,https://doi.org/10.1145/1985793.1985812,peer-reviewed,configuration-option identification,2026-10-01
32,toomanyknobs,inproceedings,"Hey, You Have Given Me Too Many Knobs! Understanding and Dealing with Over-Designed Configuration in System Software",2015,10.1145/2786805.2786852,https://doi.org/10.1145/2786805.2786852,peer-reviewed,configuration complexity,2026-10-01
33,confaid,inproceedings,Automating Configuration Troubleshooting with Dynamic Information Flow Analysis,2010,,https://www.usenix.org/conference/osdi10/automating-configuration-troubleshooting-dynamic-information-flow-analysis,peer-reviewed,configuration diagnosis,2026-10-01
34,confdiagnoser,inproceedings,Automated Diagnosis of Software Configuration Errors,2013,10.1109/ICSE.2013.6606577,https://doi.org/10.1109/ICSE.2013.6606577,peer-reviewed,configuration-error diagnosis,2026-10-01
35,measurementbias,inproceedings,Producing Wrong Data Without Doing Anything Obviously Wrong!,2009,10.1145/1508244.1508275,https://doi.org/10.1145/1508244.1508275,peer-reviewed,measurement bias,2026-10-01
36,javabench,inproceedings,Statistically Rigorous Java Performance Evaluation,2007,10.1145/1297027.1297033,https://doi.org/10.1145/1297027.1297033,peer-reviewed,performance experiment methodology,2026-10-01
37,rigorousbench,inproceedings,Rigorous Benchmarking in Reasonable Time,2013,10.1145/2464157.2464160,https://doi.org/10.1145/2464157.2464160,peer-reviewed,replication and uncertainty in benchmarking,2026-10-01
38,stabilizer,inproceedings,STABILIZER: Statistically Sound Performance Evaluation,2013,10.1145/2451116.2451141,https://doi.org/10.1145/2451116.2451141,peer-reviewed,layout and measurement randomization,2026-10-01
39,scientificbench,inproceedings,Scientific Benchmarking of Parallel Computing Systems: Twelve Ways to Tell the Masses when Reporting Performance Results,2015,10.1145/2807591.2807644,https://doi.org/10.1145/2807591.2807644,peer-reviewed,transparent performance reporting,2026-10-01
40,benchstats,article,How Not to Lie with Statistics: The Correct Way to Summarize Benchmark Results,1986,10.1145/5666.5673,https://doi.org/10.1145/5666.5673,peer-reviewed,summary statistics for benchmarks,2026-10-01
41,mk2061,misc,livereload reloads for every file that changes,2020,,https://github.com/mkdocs/mkdocs/issues/2061,official issue,MkDocs repeated-rebuild report and reproduction,2026-10-01
42,mk2519,misc,Live Reload / Dirty Reload and Hidden or Temporary Files,2021,,https://github.com/mkdocs/mkdocs/issues/2519,official issue,MkDocs hidden/temporary-file report,2026-10-01
43,mk2385,misc,Reimplement Livereload in a Simpler and Better Way,2021,,https://github.com/mkdocs/mkdocs/pull/2385,official merged change,MkDocs batching mechanism and fix,2026-10-01
44,mk12rel,misc,MkDocs 1.2 Release Notes: Reworked Auto-Reload Server,2021,,https://www.mkdocs.org/about/release-notes/#version-12-2021-06-04,official release notes,MkDocs release claim for batching,2026-10-01
45,mk122rel,misc,MkDocs 1.2.2 Release Notes,2021,,https://www.mkdocs.org/about/release-notes/#version-122-2021-07-18,official release notes,watcher fallback history,2026-10-01
46,vite16248,misc,Ignoring outDir in Chokidar Watcher Introduced Regression in 5.1.0,2024,,https://github.com/vitejs/vite/issues/16248,official issue,Vite output-directory filter regression,2026-10-01
47,vitefix,misc,Do Not Add outDirs to watch.ignored if emptyOutDir Is False,2024,,https://github.com/vitejs/vite/pull/16453,official merged change,Vite regression fix,2026-10-01
48,vite524,misc,Vite 5.2.4 Watch-Option Resolution,2024,,https://github.com/vitejs/vite/blob/v5.2.4/packages/vite/src/node/watch.ts,official versioned source,pre-fix Vite decision logic,2026-10-01
49,vite5210,misc,Vite 5.2.10 Watch-Option Resolution,2024,,https://github.com/vitejs/vite/blob/v5.2.10/packages/vite/src/node/watch.ts,official versioned source,fixed Vite decision logic,2026-10-01
50,vite5210rel,misc,Vite 5.2.10 Changelog,2024,,https://github.com/vitejs/vite/blob/v5.2.10/packages/vite/CHANGELOG.md,official release notes,release association for Vite fix,2026-10-01
51,ch1471,misc,Files Created in a Newly Added Directory between Scan and fs.watch Registration Are Missed,2026,,https://github.com/paulmillr/chokidar/issues/1471,official issue,discovery/registration race report,2026-10-01
52,bun36328,misc,fs.watch on Linux: Atomic Saves Do Not Report the Rename Destination,2026,,https://github.com/oven-sh/bun/issues/36328,official issue,atomic-save report,2026-10-01
53,tswatch,misc,Configuring Watch,,,https://www.typescriptlang.org/docs/handbook/configuring-watch.html,official documentation,TypeScript watcher options,2026-10-01
54,tssource,misc,TypeScript 5.8.3 File and Directory Watching Implementation,2025,,https://github.com/microsoft/TypeScript/blob/v5.8.3/src/compiler/sys.ts,official versioned source,TypeScript watch implementation,2026-10-01
55,chokidar,misc,Chokidar 3.6.0 Documentation,2024,,https://github.com/paulmillr/chokidar/blob/3.6.0/README.md,official versioned documentation,watch options and event normalization,2026-10-01
56,watchfiles,misc,watchfiles 1.2.0 Public API,2026,,https://github.com/samuelcolvin/watchfiles/blob/v1.2.0/watchfiles/main.py,official versioned source,watchfiles behavior and options,2026-10-01
57,wfrust,misc,watchfiles 1.2.0 Native Observer Implementation,2026,,https://github.com/samuelcolvin/watchfiles/blob/v1.2.0/src/lib.rs,official versioned source,event classification in watchfiles,2026-10-01
58,notifyconfig,misc,notify 8.0.0 Watcher Backend Configuration,2025,,https://github.com/notify-rs/notify/blob/notify-8.0.0/notify/src/config.rs,official versioned source,poll interval and content comparison options,2026-10-01
59,notifypoll,misc,notify 8.0.0 Polling Watcher Implementation,2025,,https://github.com/notify-rs/notify/blob/notify-8.0.0/notify/src/poll.rs,official versioned source,polling state predicate,2026-10-01
60,markdown,misc,markdown-it-py 4.2.0,2026,,https://pypi.org/project/markdown-it-py/4.2.0/,official package metadata,documentation renderer version,2026-10-01
61,uvicorn,misc,Uvicorn 0.48.0 WatchFilesReload and FileFilter,2026,,https://github.com/Kludex/uvicorn/blob/0.48.0/uvicorn/supervisors/watchfilesreload.py,official versioned source,Uvicorn reload selection,2026-10-01
62,hypercorn,misc,Hypercorn 0.18.0 Reload Loop and Update Predicate,2025,,https://github.com/pgjones/hypercorn/tree/0.18.0/src/hypercorn,official versioned source,Hypercorn reload implementation,2026-10-01
63,pep552,misc,Deterministic pycs,2017,,https://peps.python.org/pep-0552/,official language specification,timestamp- and hash-based bytecode invalidation,2026-10-01
64,nodefswatch,misc,File System API: fs.watch,2026,,https://nodejs.org/docs/latest-v22.x/api/fs.html#fswatchfilename-options-listener,official documentation,platform caveats for filesystem watching,2026-10-01
65,pep3147,misc,PYC Repository Directories,2010,,https://peps.python.org/pep-3147/,official language specification,bytecode cache layout and reuse,2026-10-01
66,inotify,misc,inotify(7)---Monitoring Filesystem Events,2026,,https://man7.org/linux/man-pages/man7/inotify.7.html,official manual,Linux filesystem event semantics,2026-10-01
67,tangbug,article,App Review Driven Collaborative Bug Finding,2024,10.1007/s10664-024-10489-x,https://doi.org/10.1007/s10664-024-10489-x,peer-reviewed,methodological connection from public reports to validated cases,2026-10-03
